{
  "valid_types": [
    "syco",
    "length"
  ],
  "pairs": {
    "syco-length": {
      "standard_jaccard": 0.05373134328358209,
      "weighted_jaccard": 0.040146812924323774,
      "high_ie_jaccard": 0.05263157894736842,
      "edge_jaccard": 0.004212113150660637,
      "n_shared_nodes": 18,
      "null_mean": 0.000252938034188034,
      "null_p95": 0.002840909090909091,
      "observed_percentile": 1.0,
      "routing_divergence": {
        "n_shared_nodes": 18,
        "n_comparable_edges": 98,
        "mean_abs_weight_diff": 0.697717339370135
      },
      "both_valid": true
    },
    "syco-code": {
      "standard_jaccard": 0.0028653295128939827,
      "weighted_jaccard": 0.0005068643252026362,
      "high_ie_jaccard": 0.0,
      "edge_jaccard": 0.0,
      "n_shared_nodes": 1,
      "null_mean": 0.0002894806178572601,
      "null_p95": 0.0028653295128939827,
      "observed_percentile": 0.904,
      "routing_divergence": {
        "n_shared_nodes": 1,
        "n_comparable_edges": 0,
        "mean_abs_weight_diff": null
      },
      "both_valid": false
    },
    "length-code": {
      "standard_jaccard": 0.020671834625323,
      "weighted_jaccard": 0.005230930562922767,
      "high_ie_jaccard": 0.02564102564102564,
      "edge_jaccard": 0.000986078886310905,
      "n_shared_nodes": 8,
      "null_mean": 0.0003452680797199729,
      "null_p95": 0.0025380710659898475,
      "observed_percentile": 1.0,
      "routing_divergence": {
        "n_shared_nodes": 8,
        "n_comparable_edges": 24,
        "mean_abs_weight_diff": 1.065716391251245
      },
      "both_valid": false
    }
  },
  "layer_distribution": {
    "syco": {
      "0": 7.861629545688629,
      "1": 5.0237173438072205,
      "2": 21.767261505126953,
      "3": 19.384281873703003,
      "4": 15.656649768352509,
      "5": 9.409025728702545,
      "6": 16.77645444869995,
      "7": 21.61028414964676,
      "8": 16.332639932632446,
      "9": 15.138952016830444,
      "10": 21.40520006418228,
      "11": 12.303933382034302
    },
    "length": {
      "0": 15.514864563941956,
      "1": 29.931948959827423,
      "2": 125.16245746612549,
      "3": 41.582294285297394,
      "4": 34.211733281612396,
      "5": 14.2507084608078,
      "6": 14.097083330154419,
      "7": 17.81886786222458,
      "8": 17.983053982257843,
      "9": 12.336630880832672,
      "10": 12.444321393966675,
      "11": 21.516598343849182
    },
    "code": {
      "0": 2.4276324212551117,
      "1": 1.7550506889820099,
      "2": 2.8600663989782333,
      "3": 2.8164457455277443,
      "4": 3.6113713085651398,
      "5": 3.500459276139736,
      "6": 5.093657433986664,
      "7": 5.590235717594624,
      "8": 4.880400717258453,
      "9": 4.74556577950716,
      "10": 3.5890195071697235,
      "11": 5.765019781887531
    }
  },
  "note": "code excluded from conclusions where m_full<=0 (null result)"
}