{
  "valid_types": [
    "syco",
    "length",
    "code"
  ],
  "pairs": {
    "syco-length": {
      "standard_jaccard": 0.0,
      "weighted_jaccard": 0.0,
      "high_ie_jaccard": 0.0,
      "edge_jaccard": 0.0,
      "n_shared_nodes": 0,
      "null_mean": 0.00016478043029767177,
      "null_p95": 0.0,
      "observed_percentile": 0.0,
      "routing_divergence": {
        "n_shared_nodes": 0,
        "n_comparable_edges": 0,
        "mean_abs_weight_diff": null
      },
      "both_valid": true
    },
    "syco-code": {
      "standard_jaccard": 0.0,
      "weighted_jaccard": 0.0,
      "high_ie_jaccard": 0.0,
      "edge_jaccard": 0.0,
      "n_shared_nodes": 0,
      "null_mean": 0.0002384937238493726,
      "null_p95": 0.0041841004184100415,
      "observed_percentile": 0.0,
      "routing_divergence": {
        "n_shared_nodes": 0,
        "n_comparable_edges": 0,
        "mean_abs_weight_diff": null
      },
      "both_valid": true
    },
    "length-code": {
      "standard_jaccard": 0.003194888178913738,
      "weighted_jaccard": 0.002519778840441423,
      "high_ie_jaccard": 0.0,
      "edge_jaccard": 0.0,
      "n_shared_nodes": 1,
      "null_mean": 0.00026517571884983966,
      "null_p95": 0.003194888178913738,
      "observed_percentile": 0.917,
      "routing_divergence": {
        "n_shared_nodes": 1,
        "n_comparable_edges": 0,
        "mean_abs_weight_diff": null
      },
      "both_valid": true
    }
  },
  "layer_distribution": {
    "syco": {
      "0": 0.5513423532247543,
      "1": 0.8695472478866577,
      "2": 1.1621579378843307,
      "3": 1.6174749955534935,
      "4": 1.621354155242443,
      "5": 2.183529667556286,
      "6": 3.0047249123454094,
      "7": 3.083486631512642,
      "8": 3.339867688715458,
      "9": 2.4891868084669113,
      "10": 2.3732744976878166,
      "11": 1.67869633436203
    },
    "length": {
      "0": 28.064894124865532,
      "1": 9.756343513727188,
      "2": 23.90109108388424,
      "3": 13.15807494521141,
      "4": 6.772352337837219,
      "5": 5.141097038984299,
      "6": 4.867107018828392,
      "7": 4.1304633766412735,
      "8": 3.3764568269252777,
      "9": 2.0614971220493317,
      "10": 0.4370204210281372,
      "11": 0.2721269428730011
    },
    "code": {
      "0": 2.0881332755088806,
      "1": 1.7624725103378296,
      "2": 2.566310480237007,
      "3": 1.8314454108476639,
      "4": 1.5502141267061234,
      "5": 1.821916326880455,
      "6": 3.3283212035894394,
      "7": 5.877017989754677,
      "8": 6.9578360468149185,
      "9": 7.142475575208664,
      "10": 6.556814596056938,
      "11": 4.283724874258041
    }
  },
  "note": "code excluded from conclusions where m_full<=0 (null result)"
}