{
  "syco": {
    "mean": {
      "n": 60,
      "mean": 1.2342331478993098,
      "median": 1.2762715816497803,
      "std": 0.7065235976316219,
      "frac_positive": 0.9833333333333333,
      "min": -0.012552022933959961,
      "max": 2.7295784950256348,
      "values": [
        0.5893939733505249,
        1.0484864711761475,
        0.604880690574646,
        1.309782862663269,
        1.461827278137207,
        0.42484283447265625,
        1.3242815732955933,
        0.2550022602081299,
        0.40363526344299316,
        1.7211731672286987,
        1.5076086521148682,
        0.3254246711730957,
        1.2675158977508545,
        1.5898985862731934,
        1.5900182723999023,
        0.9735527038574219,
        2.1813400983810425,
        0.24533581733703613,
        1.1840391159057617,
        1.4105534553527832,
        0.71205735206604,
        1.0653504133224487,
        0.2176206111907959,
        2.0562654733657837,
        2.0547659397125244,
        2.643859028816223,
        1.0031291246414185,
        2.692534327507019,
        0.2538602352142334,
        0.767975926399231,
        1.5069515705108643,
        0.36833834648132324,
        1.9350577592849731,
        0.8087010383605957,
        0.26701927185058594,
        1.5421165227890015,
        1.865468978881836,
        1.374406099319458,
        1.4701529741287231,
        1.3631980419158936,
        0.2994804382324219,
        1.9032810926437378,
        2.361746907234192,
        1.9376448392868042,
        1.350466012954712,
        0.5136964321136475,
        -0.012552022933959961,
        1.340578556060791,
        1.285027265548706,
        0.8485047817230225,
        2.7295784950256348,
        0.8407535552978516,
        2.1166785955429077,
        0.7441866397857666,
        1.0519845485687256,
        2.2893497347831726,
        2.587121605873108,
        1.0192691087722778,
        0.8730438947677612,
        0.5867257118225098
      ]
    },
    "last": {
      "n": 60,
      "mean": 0.7124304582675298,
      "median": 0.14691591262817383,
      "std": 1.4547170581763493,
      "frac_positive": 0.7333333333333333,
      "min": -0.6882249116897583,
      "max": 7.931280344724655,
      "values": [
        0.014987260103225708,
        0.19782933592796326,
        0.20392894744873047,
        1.9626286625862122,
        2.4250816106796265,
        0.06957849860191345,
        0.06989353895187378,
        -0.038288116455078125,
        -0.056959256529808044,
        0.20693156123161316,
        0.13356441259384155,
        -0.06228427588939667,
        0.5102670192718506,
        0.16180281341075897,
        -0.30265724658966064,
        0.2239741086959839,
        1.2201601266860962,
        0.05565381050109863,
        0.22856587171554565,
        0.7346027493476868,
        0.15432360768318176,
        -0.020559728145599365,
        0.07750755548477173,
        4.143079191446304,
        -0.6882249116897583,
        2.1671203672885895,
        0.5099116265773773,
        0.28591853380203247,
        -0.09345470368862152,
        -0.39947831630706787,
        3.346982955932617,
        0.13462737202644348,
        0.1395082175731659,
        0.851436972618103,
        -0.10777878761291504,
        1.6898893117904663,
        7.931280344724655,
        0.055303722620010376,
        0.1091616153717041,
        -0.20570701360702515,
        -0.038725346326828,
        1.5628001689910889,
        4.114791810512543,
        3.738356828689575,
        0.32486972212791443,
        -0.006936818361282349,
        0.1070261299610138,
        0.08282649517059326,
        0.04004096984863281,
        -0.20635411143302917,
        0.9651249647140503,
        0.21748322248458862,
        0.7685306370258331,
        -0.20681637525558472,
        -0.6776825785636902,
        0.8705772161483765,
        2.785026788711548,
        -0.2250332236289978,
        0.050787001848220825,
        0.4390246272087097
      ]
    }
  },
  "length": {
    "mean": {
      "n": 60,
      "mean": 0.2753541171550751,
      "median": 0.2559725046157837,
      "std": 0.9419356746373676,
      "frac_positive": 0.5833333333333334,
      "min": -1.8044216632843018,
      "max": 3.7783637046813965,
      "values": [
        -0.4618959426879883,
        -0.6810884475708008,
        2.4792237281799316,
        0.2249300479888916,
        -1.1501716375350952,
        0.375022292137146,
        0.9891866445541382,
        0.9775657653808594,
        -0.12094569206237793,
        0.6497042179107666,
        1.259160041809082,
        0.1745288372039795,
        -0.4773976802825928,
        -0.003627300262451172,
        -0.2602858543395996,
        0.014117002487182617,
        0.40915536880493164,
        -0.35895466804504395,
        1.4627904891967773,
        -1.5666396617889404,
        0.808934211730957,
        0.516808032989502,
        2.325155258178711,
        -0.04521656036376953,
        0.11435484886169434,
        0.5995464324951172,
        1.496814489364624,
        0.895843505859375,
        -0.11120128631591797,
        -0.01375436782836914,
        -0.3042716979980469,
        0.5429415702819824,
        1.000197410583496,
        -0.6575272083282471,
        -0.6608514785766602,
        0.26066064834594727,
        -0.842548131942749,
        0.29831957817077637,
        0.4138765335083008,
        0.48427510261535645,
        -1.2489597797393799,
        0.780728816986084,
        0.49861717224121094,
        0.8130781650543213,
        0.5862162113189697,
        0.2828197479248047,
        1.911778450012207,
        -0.44204461574554443,
        0.9020936489105225,
        -0.2407592535018921,
        -0.35326361656188965,
        0.4530525207519531,
        -0.29201459884643555,
        -1.8044216632843018,
        -0.4147026538848877,
        -0.49492645263671875,
        0.2512843608856201,
        -0.07479381561279297,
        3.7783637046813965,
        0.5723662376403809
      ]
    },
    "last": {
      "n": 60,
      "mean": 0.36957439469794434,
      "median": 0.097366563975811,
      "std": 2.2203413345919287,
      "frac_positive": 0.5666666666666667,
      "min": -5.303591728210449,
      "max": 9.610839426517487,
      "values": [
        -1.4480594098567963,
        -0.07427914440631866,
        2.417619824409485,
        -0.5408481657505035,
        -0.07288849353790283,
        5.156991600990295,
        1.7234286069869995,
        -0.12002009153366089,
        -1.1953531429171562,
        0.20278865098953247,
        0.9492510333657265,
        -1.9958283305168152,
        1.6208904385566711,
        -0.22663074731826782,
        2.9025509655475616,
        0.32616734504699707,
        0.24720513820648193,
        0.9265511631965637,
        -1.1624518632888794,
        -3.6466482803225517,
        -0.17972391843795776,
        3.4032641649246216,
        9.610839426517487,
        2.1319498419761658,
        -0.2734607756137848,
        0.03538501262664795,
        1.671967089176178,
        0.3772185891866684,
        0.34526383876800537,
        0.877898782491684,
        3.4796926379203796,
        0.06731201708316803,
        3.5935324132442474,
        0.30175507068634033,
        -0.23333489894866943,
        0.3720064163208008,
        0.15192526578903198,
        -0.16250403225421906,
        2.1192283630371094,
        2.6657779216766357,
        -0.033205077052116394,
        -1.8370810002088547,
        -0.19835805892944336,
        0.008861303329467773,
        -3.7355114817619324,
        -0.7221804261207581,
        0.1779627799987793,
        0.24450916051864624,
        3.2487722635269165,
        0.06031358242034912,
        -1.7915118336677551,
        0.12742111086845398,
        -4.2866209745407104,
        -0.654712438583374,
        -0.841377466917038,
        -0.22006410360336304,
        -0.9667216539382935,
        1.2921316623687744,
        -5.303591728210449,
        1.2589977383613586
      ]
    }
  },