{
  "syco": {
    "mean": {
      "n": 60,
      "mean": 0.0607479398449262,
      "median": 0.135220967233181,
      "std": 0.4399142695030341,
      "frac_positive": 0.9,
      "min": -2.130979061126709,
      "max": 1.5464744567871094,
      "values": [
        -2.130979061126709,
        -1.4183604717254639,
        0.1670238971710205,
        0.162217378616333,
        0.5613007545471191,
        -0.42396998405456543,
        -0.16403841972351074,
        -0.9633851051330566,
        -0.641103982925415,
        1.5464744567871094,
        0.12462905049324036,
        0.1284295916557312,
        0.13935889303684235,
        0.13253536820411682,
        0.14522488415241241,
        0.16344298422336578,
        0.1554332673549652,
        0.13201409578323364,
        0.14907942712306976,
        0.14855612814426422,
        0.14954663813114166,
        0.1172633022069931,
        0.12015603482723236,
        0.1322726458311081,
        0.12295562028884888,
        0.13799433410167694,
        0.16608409583568573,
        0.13370490074157715,
        0.13449981808662415,
        0.1403016448020935,
        0.15202990174293518,
        0.13227996230125427,
        0.12213355302810669,
        0.1482466459274292,
        0.15290358662605286,
        0.13250620663166046,
        0.12923522293567657,
        0.13233713805675507,
        0.12359607219696045,
        0.14765457808971405,
        0.13828440010547638,
        0.15893736481666565,
        0.13931407034397125,
        0.1357734352350235,
        0.15141046047210693,
        0.13749414682388306,
        0.13448311388492584,
        0.14598330855369568,
        0.1345817595720291,
        0.12165026366710663,
        0.126342311501503,
        0.13474971055984497,
        0.1308281421661377,
        0.13639210164546967,
        0.13569222390651703,
        0.13358648121356964,
        0.13355723023414612,
        0.15868361294269562,
        0.16993919014930725,
        0.14560800790786743
      ]
    },
    "last": {
      "n": 60,
      "mean": 4.695659956832727,
      "median": 5.355924874544144,
      "std": 1.967275378252378,
      "frac_positive": 0.9166666666666666,
      "min": -0.334819495677948,
      "max": 6.337190389633179,
      "values": [
        -0.20306050777435303,
        -0.007086515426635742,
        1.7711288332939148,
        0.5114597678184509,
        1.9772523641586304,
        -0.06694996356964111,
        0.7920951843261719,
        0.19625777006149292,
        -0.16714507341384888,
        -0.334819495677948,
        5.53775691986084,
        5.267807960510254,
        5.15103155374527,
        6.329351127147675,
        5.712364166975021,
        5.4471670389175415,
        5.550990551710129,
        4.868339151144028,
        5.495283544063568,
        5.432770490646362,
        5.311114132404327,
        6.314625293016434,
        4.803411066532135,
        5.530607283115387,
        5.349789619445801,
        6.337190389633179,
        6.086720645427704,
        5.354259014129639,
        5.619629293680191,
        5.240963339805603,
        5.141519755125046,
        5.4821076691150665,
        4.901662766933441,
        6.019682973623276,
        5.826551586389542,
        5.034561336040497,
        5.410553991794586,
        5.357590734958649,
        6.2015752494335175,
        5.925654947757721,
        5.181200861930847,
        5.74693363904953,
        6.276552498340607,
        5.183275103569031,
        4.985690802335739,
        5.078434526920319,
        6.299518138170242,
        5.152113080024719,
        5.774241060018539,
        5.564369857311249,
        5.308734267950058,
        5.560481607913971,
        5.8733504712581635,
        5.766469389200211,
        6.323207497596741,
        4.9910968244075775,
        5.898064821958542,
        5.24029067158699,
        5.006470799446106,
        6.017335534095764
      ]
    }
  },
  "length": {
    "mean": {
      "n": 60,
      "mean": 0.6961746136347453,
      "median": 0.9009259939193726,
      "std": 0.8350805260315721,
      "frac_positive": 0.7833333333333333,
      "min": -1.3059778213500977,
      "max": 2.781442403793335,
      "values": [
        0.8805811405181885,
        -0.6984708309173584,
        2.781442403793335,
        1.4815630912780762,
        -1.285347819328308,
        1.0607565641403198,
        0.6545119285583496,
        -0.792236328125,
        2.758260488510132,
        1.4902679920196533,
        1.1762648820877075,
        1.2471444606781006,
        0.24440479278564453,
        -0.01830577850341797,
        -0.07478570938110352,
        -0.0026814937591552734,
        -0.3538331985473633,
        0.6736383438110352,
        0.9032795429229736,
        1.1626529693603516,
        0.6916669607162476,
        -0.1589500904083252,
        -1.3059778213500977,
        -0.7831157445907593,
        1.380247950553894,
        0.7385931015014648,
        1.1161956787109375,
        1.0650336742401123,
        0.15033578872680664,
        1.2050243616104126,
        0.5295505523681641,
        0.9733953475952148,
        0.9328393936157227,
        0.7584880590438843,
        1.4181017875671387,
        1.2291260957717896,
        1.0076510906219482,
        1.0448452234268188,
        0.2132638692855835,
        1.0969655513763428,
        1.5209234952926636,
        0.05566573143005371,
        0.05776810646057129,
        0.8985724449157715,
        0.9672515392303467,
        2.517207145690918,
        0.05668497085571289,
        0.9178873300552368,
        1.1464781761169434,
        1.0786195993423462,
        -0.2868540287017822,
        1.6052250862121582,
        1.6131070852279663,
        0.42051172256469727,
        0.9619508981704712,
        0.25629639625549316,
        0.6475718021392822,
        -0.08892595767974854,
        -0.17921113967895508,
        1.0113581418991089
      ]
    },
    "last": {
      "n": 60,
      "mean": 1.456532195835219,
      "median": 0.7685685404576361,
      "std": 1.939662821266889,
      "frac_positive": 0.9333333333333333,
      "min": -0.8250410556793213,
      "max": 8.209672817029059,
      "values": [
        0.18942426750436425,
        -0.037942007184028625,
        0.8455850630998611,
        0.0509660542011261,
        0.392586350440979,
        0.0026834909804165363,
        2.115126460790634,
        1.0435425341129303,
        5.97561551630497,
        3.1160368621349335,
        1.2051346506923437,
        1.4127645678818226,
        0.7001367853954434,
        1.977924257516861,
        0.43662963807582855,
        0.0871165543794632,
        1.915296494960785,
        0.1362573206424713,
        0.06807808624580503,
        0.07225162559188902,
        4.46244071982801,
        0.302205353975296,
        0.4362073540687561,
        0.6202715635299683,
        3.0762225836515427,
        1.8463328033685684,
        1.056088164448738,
        0.6872202455997467,
        -0.14615100622177124,
        1.579191928729415,
        0.2103310525417328,
        0.25481245992705226,
        1.9486362300813198,
        1.217813721857965,
        3.7315333858132362,
        0.17848548013716936,
        0.08569592237472534,
        1.105110127478838,
        0.3446043133735657,
        5.863133400678635,
        0.12748679937794805,
        1.506688803434372,
        3.306176997721195,
        0.5385239496827126,
        0.9525030106306076,
        8.209672817029059,
        -0.8250410556793213,
        0.8370002955198288,
        7.097031354904175,
        0.6715510617941618,
        -0.036019086837768555,
        6.991637031082064,
        3.1982583850622177,
        0.3586532473564148,
        0.029580146074295044,
        0.5911366939544678,
        1.2601496577262878,
        0.8425003588199615,
        0.885484516620636,
        0.28355638682842255
      ]
    }
  },
  "code": {
    "mean": {
      "n": 60,
      "mean": -0.7315661271413167,
      "median": -0.8341596126556396,
      "std": 0.5382849630985854,