{
  "syco": {
    "n_nodes": 154,
    "n_edges": 9594,
    "T_N": 0.7450580596923828,
    "T_E": 0.01,
    "faithfulness": 0.0,
    "completeness": 1.1853087555241169,
    "m_full": 0.44691882729530336
  },
  "length": {
    "n_nodes": 199,
    "n_edges": 13055,
    "T_N": 0.9313225746154785,
    "T_E": 0.01,
    "faithfulness": 0.0,
    "completeness": 0.6543876969444603,
    "m_full": 1.1810104793874503
  },
  "code": {
    "n_nodes": 196,
    "n_edges": 4202,
    "T_N": 0.1,
    "T_E": 0.01,
    "faithfulness": 0.15790073285146078,
    "completeness": 0.3125862812065979,
    "m_full": -5.023516241709391
  }
}