{
  "length_ctrl": {
    "n_nodes": 182,
    "n_edges": 11908,
    "T_N": 0.5960464477539062,
    "T_E": 0.01,
    "faithfulness": 50.67482148941568,
    "completeness": -114.63152146107477,
    "m_full": 0.007019199430942535
  }
}