{
  "syco": {
    "n_nodes": 25,
    "n_edges": 101,
    "T_N": 0.048999999999999995,
    "T_E": 0.01,
    "faithfulness": 2.537147473171509,
    "completeness": 0.01863241315901909,
    "m_full": 0.060747956732908885
  },
  "length": {
    "n_nodes": 196,
    "n_edges": 14273,
    "T_N": 0.476837158203125,
    "T_E": 0.01,
    "faithfulness": NaN,
    "completeness": 1.3096747572797385,
    "m_full": 0.6961744368076325
  },
  "code": {
    "n_nodes": 98,
    "n_edges": 1518,
    "T_N": 0.1,
    "T_E": 0.01,
    "faithfulness": 0.35694608658728194,
    "completeness": 1.2904842704122956,
    "m_full": -0.7315701325734456
  }
}