{
  "syco": {
    "n_nodes": 94,
    "n_edges": 2356,
    "T_N": 0.1,
    "T_E": 0.01,
    "faithfulness": 0.09059507522062493,
    "completeness": 0.05824946013708565,
    "m_full": 1.2342370927333832
  },
  "length": {
    "n_nodes": 168,
    "n_edges": 6857,
    "T_N": 0.1953125,
    "T_E": 0.01,
    "faithfulness": 1.5191955429816353,
    "completeness": -2.6357169788883614,
    "m_full": 0.11333685762741987
  },
  "code": {
    "n_nodes": 146,
    "n_edges": 3570,
    "T_N": 0.15625,
    "T_E": 0.01,
    "faithfulness": 18.087247979674547,
    "completeness": -4.625660348981176,
    "m_full": 0.04438650608062744
  }
}