{
  "n_eval": 20,
  "top_k": 32,
  "n_circuit_feats": 32,
  "baseline": {
    "mean_m": 1.3333308100700378,
    "frac_hack": 0.95,
    "n": 20
  },
  "zero": {
    "mean_m": 2.144159996509552,
    "frac_hack": 1.0,
    "n": 20
  },
  "mean": {
    "mean_m": 1.6578137874603271,
    "frac_hack": 1.0,
    "n": 20
  },
  "random_zero": {
    "mean_m": 1.3383792211612064,
    "frac_hack": 0.9499999999999998
  },
  "circuit_effect": -0.8108291864395141,
  "random_effect": -0.005048411091168603,
  "specificity": -0.8057807753483455
}