{
  "n_eval": 20,
  "top_k": 32,
  "n_circuit_feats": 32,
  "baseline": {
    "mean_m": 0.2732260704040527,
    "frac_hack": 0.55,
    "n": 20
  },
  "zero": {
    "mean_m": -0.9404390156269073,
    "frac_hack": 0.15,
    "n": 20
  },
  "mean": {
    "mean_m": -0.9420982122421264,
    "frac_hack": 0.15,
    "n": 20
  },
  "random_zero": {
    "mean_m": 0.27215609153111775,
    "frac_hack": 0.55
  },
  "circuit_effect": 1.2136650860309601,
  "random_effect": 0.0010699788729349735,
  "specificity": 1.2125951071580252
}